-- Inserir usuários
INSERT INTO usuario (nome, email, senha_hash) VALUES
('Maria Silva', 'maria.silva@example.com', '1819aab14c4bed2d4f4476e4e5f1e598a59cbf72ca04840850c42738352a5d74ee2a90b8e1747957adac70a44a148c0193d3929af79ecda3074fc47f31e204c5'),
('João Santos', 'joao.santos@example.com', '1819aab14c4bed2d4f4476e4e5f1e598a59cbf72ca04840850c42738352a5d74ee2a90b8e1747957adac70a44a148c0193d3929af79ecda3074fc47f31e204c5'),
('Ana Pereira', 'ana.pereira@example.com', '1819aab14c4bed2d4f4476e4e5f1e598a59cbf72ca04840850c42738352a5d74ee2a90b8e1747957adac70a44a148c0193d3929af79ecda3074fc47f31e204c5'),
('Carlos Lima', 'carlos.lima@example.com', '1819aab14c4bed2d4f4476e4e5f1e598a59cbf72ca04840850c42738352a5d74ee2a90b8e1747957adac70a44a148c0193d3929af79ecda3074fc47f31e204c5'),
('Luciana Alves', 'luciana.alves@example.com', '1819aab14c4bed2d4f4476e4e5f1e598a59cbf72ca04840850c42738352a5d74ee2a90b8e1747957adac70a44a148c0193d3929af79ecda3074fc47f31e204c5'),
('Pedro Souza', 'pedro.souza@example.com', '1819aab14c4bed2d4f4476e4e5f1e598a59cbf72ca04840850c42738352a5d74ee2a90b8e1747957adac70a44a148c0193d3929af79ecda3074fc47f31e204c5'),
('Carla Mendes', 'carla.mendes@example.com', '1819aab14c4bed2d4f4476e4e5f1e598a59cbf72ca04840850c42738352a5d74ee2a90b8e1747957adac70a44a148c0193d3929af79ecda3074fc47f31e204c5'),
('Bruno Costa', 'bruno.costa@example.com', '1819aab14c4bed2d4f4476e4e5f1e598a59cbf72ca04840850c42738352a5d74ee2a90b8e1747957adac70a44a148c0193d3929af79ecda3074fc47f31e204c5'),
('Fernanda Lima', 'fernanda.lima@example.com', '1819aab14c4bed2d4f4476e4e5f1e598a59cbf72ca04840850c42738352a5d74ee2a90b8e1747957adac70a44a148c0193d3929af79ecda3074fc47f31e204c5');

-- Inserir ingredientes
INSERT INTO ingrediente (nome, categoria) VALUES
('Farinha de Trigo', 1),
('Açúcar', 2),
('Leite', 3),
('Ovo', 4),
('Manteiga', 3),
('Fermento', 1),
('Cacau em Pó', 5),
('Sal', 2),
('Tomate', 6),
('Queijo', 3),
('Presunto', 7),
('Cenoura', 6),
('Batata', 6),
('Frango', 7),
('Maçã', 8),
('Pão', 1),
('Água', 3);

-- Inserir itens na despensa
INSERT INTO despensa (email, nome_ingrediente, validade, quantidade) VALUES
('maria.silva@example.com', 'Farinha de Trigo', '2024-12-01', 2),
('maria.silva@example.com', 'Açúcar', '2024-11-15', 1),
('maria.silva@example.com', 'Ovo', '2024-11-15', 2),
('maria.silva@example.com', 'Manteiga', '2024-11-15', 1),
('maria.silva@example.com', 'Cacau em Pó', '2024-11-15', 1),
('joao.santos@example.com', 'Leite', '2024-06-10', 3),
('ana.pereira@example.com', 'Ovo', '2024-07-20', 12),
('maria.silva@example.com', 'Ovo', '2024-07-20', 6),
('joao.santos@example.com', 'Farinha de Trigo', '2024-12-01', 1),
('carlos.lima@example.com', 'Manteiga', '2024-08-15', 1),
('luciana.alves@example.com', 'Cacau em Pó', '2024-10-01', 1),
('luciana.alves@example.com', 'Fermento', '2024-09-01', 2),
('luciana.alves@example.com', 'Sal', '2024-11-01', 1),
('maria.silva@example.com', 'Tomate', '2024-08-01', 5),
('joao.santos@example.com', 'Queijo', '2024-07-15', 2),
('ana.pereira@example.com', 'Presunto', '2024-07-20', 3),
('carlos.lima@example.com', 'Cenoura', '2024-06-15', 10),
('luciana.alves@example.com', 'Batata', '2024-06-30', 8),
('pedro.souza@example.com', 'Frango', '2024-07-10', 4),
('carla.mendes@example.com', 'Maçã', '2024-09-01', 6),
('bruno.costa@example.com', 'Pão', '2024-07-05', 10),
('fernanda.lima@example.com', 'Farinha de Trigo', '2024-12-01', 5),
('fernanda.lima@example.com', 'Ovo', '2024-07-20', 12),
('teste@example.com', 'Açúcar', '2024-07-15', 8),
('teste@example.com', 'Água', '2024-07-15', 8),
('teste@example.com', 'Farinha de Trigo', '2024-08-15', 2),
('teste@example.com', 'Cenoura', '2024-08-15', 3),
('teste@example.com', 'Ovo', '2024-08-15', 3),
('teste@example.com', 'Fermento', '2024-08-15', 1),
('teste@example.com', 'Leite', '2024-08-15', 1),
('teste@example.com', 'Ovo', '2024-08-15', 2),
('teste@example.com', 'Tomate', '2024-08-15', 4),
('teste@example.com', 'Sal', '2024-08-15', 1);

-- Inserir receitas
INSERT INTO receita (titulo, descricao, modo_preparo, email_usuario) VALUES
('Bolo de Chocolate', 'Um delicioso bolo de chocolate', 'Assar por 45 minutos', 'joao.santos@example.com'),
('Panqueca', 'Panqueca simples e rápida', 'Cozinhar por 10 minutos', 'joao.santos@example.com'),
('Leite Quente', 'Um extraordinário leite que passou pelo microondas', 'Passar o leite pelo microondas', 'joao.santos@example.com'),
('Omelete', 'Omelete fácil e rápida', 'Cozinhar por 5 minutos', 'fernanda.lima@example.com'),
('Biscoito de Manteiga', 'Biscoitos crocantes e deliciosos', 'Assar por 20 minutos', 'fernanda.lima@example.com'),
('Salada de Tomate', 'Uma salada fresca de tomate', 'Misturar os ingredientes', 'fernanda.lima@example.com'),
('Sanduíche de Presunto e Queijo', 'Sanduíche simples e rápido', 'Montar e servir', 'carlos.lima@example.com'),
('Frango Assado', 'Frango assado delicioso', 'Assar por 60 minutos', 'carlos.lima@example.com'),
('Purê de Batata', 'Purê de batata cremoso', 'Cozinhar e amassar', 'carlos.lima@example.com'),
('Bolo de Cenoura', 'Bolo de cenoura com cobertura de chocolate', 'Assar por 50 minutos', 'bruno.costa@example.com'),
('Suco de Maçã', 'Suco de maçã natural', 'Liquidificar e coar', 'bruno.costa@example.com'),
('Lasanha', 'Lasanha de carne moída com queijo', 'Assar por 40 minutos', 'joana.silva@example.com'),
('Pão Caseiro', 'Pão caseiro fresco', 'Assar por 30 minutos', 'joana.silva@example.com'),
('Salada Caesar', 'Salada Caesar clássica', 'Misturar todos os ingredientes', 'joana.silva@example.com'),
('Torta de Limão', 'Torta de limão com merengue', 'Assar a base e adicionar o merengue', 'maria.oliveira@example.com'),
('Pizza Margherita', 'Pizza Margherita com molho de tomate', 'Assar por 20 minutos', 'maria.oliveira@example.com'),
('Sopa de Legumes', 'Sopa nutritiva de legumes', 'Cozinhar por 30 minutos', 'maria.oliveira@example.com'),
('Batata Frita', 'Batata frita crocante', 'Fritar até dourar', 'andre.souza@example.com'),
('Peixe Grelhado', 'Peixe grelhado com ervas', 'Grelhar por 15 minutos', 'andre.souza@example.com'),
('Bolo de Laranja', 'Bolo de laranja fofinho', 'Assar por 40 minutos', 'andre.souza@example.com'),
('Risoto de Cogumelos', 'Risoto cremoso com cogumelos', 'Cozinhar lentamente até ficar cremoso', 'ana.moraes@example.com'),
('Macarrão à Carbonara', 'Macarrão com molho cremoso de ovos e bacon', 'Cozinhar o macarrão e misturar com o molho', 'ana.moraes@example.com'),
('Frango à Parmegiana', 'Frango empanado com molho de tomate e queijo', 'Assar até o queijo derreter', 'ana.moraes@example.com'),
('Torta de Maçã', 'Torta doce com recheio de maçã', 'Assar até dourar', 'lucas.ferreira@example.com'),
('Escondidinho de Carne', 'Carne moída com purê de batata gratinado', 'Gratinar até dourar', 'lucas.ferreira@example.com'),
('Creme de Milho', 'Creme de milho simples e saboroso', 'Cozinhar até engrossar', 'lucas.ferreira@example.com'),
('Empadão de Frango', 'Empadão recheado de frango desfiado', 'Assar até dourar', 'camila.santos@example.com'),
('Pudim de Leite', 'Pudim tradicional de leite condensado', 'Assar em banho-maria', 'camila.santos@example.com'),
('Mousse de Maracujá', 'Mousse leve e refrescante de maracujá', 'Gelar até firmar', 'camila.santos@example.com'),
('Coxinha', 'Coxinha de frango tradicional', 'Fritar até dourar', 'marcos.pereira@example.com'),
('Pastel de Feira', 'Pastel frito com recheio variado', 'Fritar até dourar', 'marcos.pereira@example.com'),
('Brigadeiro', 'Docinho de chocolate brasileiro', 'Cozinhar até dar ponto de enrolar', 'marcos.pereira@example.com'),
('Quiche de Alho-Poró', 'Quiche cremosa de alho-poró', 'Assar até firmar', 'juliana.almeida@example.com'),
('Camarão na Moranga', 'Camarão servido em abóbora moranga', 'Cozinhar até a abóbora ficar macia', 'juliana.almeida@example.com'),
('Caldo Verde', 'Sopa tradicional portuguesa com couve e linguiça', 'Cozinhar até os ingredientes estarem macios', 'juliana.almeida@example.com'),
('Canjica', 'Canjica doce tradicional brasileira', 'Cozinhar até os grãos ficarem macios', 'gabriel.souza@example.com'),
('Arroz Doce', 'Arroz doce cremoso', 'Cozinhar até engrossar', 'gabriel.souza@example.com'),
('Vatapá', 'Prato baiano com camarão e leite de coco', 'Cozinhar até engrossar', 'gabriel.souza@example.com'),
('Feijoada', 'Prato típico brasileiro com feijão preto e carnes', 'Cozinhar por várias horas até os sabores se misturarem', 'renata.oliveira@example.com'),
('Moqueca de Peixe', 'Peixe cozido com leite de coco e dendê', 'Cozinhar até o peixe ficar macio', 'renata.oliveira@example.com'),
('Cuscuz Paulista', 'Prato tradicional paulista de cuscuz', 'Cozinhar até firmar', 'renata.oliveira@example.com'),
('Salpicão', 'Salada de frango com legumes e maionese', 'Misturar todos os ingredientes e gelar', 'eduardo.martins@example.com'),
('Tabule', 'Salada árabe de trigo e legumes', 'Misturar todos os ingredientes e servir frio', 'eduardo.martins@example.com'),
('Torta de Frango', 'Torta recheada com frango desfiado', 'Assar até dourar', 'eduardo.martins@example.com');

-- Inserir ingredientes das receitas
INSERT INTO receita_ingrediente (id_receita, nome_ingrediente, quantidade) VALUES
(1, 'Farinha de Trigo', 2),
(1, 'Açúcar', 1),
(1, 'Ovo', 2),
(1, 'Manteiga', 1),
(1, 'Cacau em Pó', 1),
(2, 'Leite', 1),
(2, 'Ovo', 2),
(3, 'Leite', 4),
(4, 'Ovo', 3),
(4, 'Sal', 1),
(5, 'Farinha de Trigo', 2),
(5, 'Manteiga', 1),
(5, 'Açúcar', 1),
(5, 'Fermento', 1),
(6, 'Tomate', 4),
(6, 'Sal', 1),
(7, 'Pão', 2),
(7, 'Presunto', 1),
(7, 'Queijo', 1),
(8, 'Frango', 1),
(8, 'Sal', 1),
(9, 'Batata', 6),
(9, 'Sal', 1),
(10, 'Farinha de Trigo', 2),
(10, 'Cenoura', 3),
(10, 'Açúcar', 1),
(10, 'Ovo', 3),
(10, 'Fermento', 1),
(11, 'Maçã', 4),
(11, 'Açúcar', 1),
(11, 'Água', 2);